{
  "accuracy": 0.7792760823278921,
  "f1_score": 0.6078184110970997,
  "roc_auc": 0.8214588338629258,
  "confusion_matrix": [
    [
      857,
      178
    ],
    [
      133,
      241
    ]
  ],
  "classification_report": {
    "0": {
      "precision": 0.8656565656565657,
      "recall": 0.8280193236714976,
      "f1-score": 0.8464197530864197,
      "support": 1035.0
    },
    "1": {
      "precision": 0.5751789976133651,
      "recall": 0.6443850267379679,
      "f1-score": 0.6078184110970997,
      "support": 374.0
    },
    "accuracy": 0.7792760823278921,
    "macro avg": {
      "precision": 0.7204177816349654,
      "recall": 0.7362021752047327,
      "f1-score": 0.7271190820917597,
      "support": 1409.0
    },
    "weighted avg": {
      "precision": 0.7885532225421888,
      "recall": 0.7792760823278921,
      "f1-score": 0.7830862527996875,
      "support": 1409.0
    }
  }
}